{"title":"Raw data for imidacloprid effects on native bees","body":"Field and Lab data regarding the effects of 4 sublethal concentrations of a neonicotinoid insecticide (Imidacloprid) on honey bees and about a dozen native bee species.","tags":["NP305"],"license":"cc-zero","spatial":["POINT (-89.272265732288 30.759584915562)"],"spatial_geographical_cover":"south Mississippi, Pearl River County","frequency":"R\/P1Y","data_dictionary":{"value":"https:\/\/data.nal.usda.gov\/dataset\/raw-data-imidacloprid-effects-native-bees\/resource\/43fcd0e9-fa4b-426c-8d7e-9439e1fb16ee","format":"html","safe_value":"\u003Cp\u003E\u003Ca href=\u0022https:\/\/data.nal.usda.gov\/dataset\/raw-data-imidacloprid-effects-native-bees\/resource\/43fcd0e9-fa4b-426c-8d7e-9439e1fb16ee\u0022\u003Ehttps:\/\/data.nal.usda.gov\/dataset\/raw-data-imidacloprid-effects-native-b...\u003C\/a\u003E\u003C\/p\u003E\n"},"contact_name":"Sampson, Blair","contact_email":"Blair.sampson@ars.usda.gov","public_access_level":"public"}