{"name":"finley_bee-colony-statistical-data-from-1987-2017","title":"Bee Colony Statistical Data from 1987 - 2017","description":"Census and survey data from the USDA and colony loss data from Bee Informed.\n\n**Bee Colony Survey Data by State** data was retrieved from the [United States Department of Agriculture National Agricultural Statistics Service Quick Stats Dataset](https://quickstats.nass.usda.gov) with the selection criteria shown in the file **Search criteria for bee colony census** attached to this dataset.\n\n**Bee Colony Census Data by County** data was retrieved from the [United States Department of Agriculture National Agricultural Statistics Service Quick Stats Dataset](https://quickstats.nass.usda.gov/) with the selection criteria shown in the file **Search criteria for bee colony survey** attached to this dataset.\n\n**Bee Colony Loss** file from the @makeovermonday dataset [2018w18-bee-colony-loss](https://data.world/makeovermonday/2018w18-bee-colony-loss). Extended to include census region and division data from data.world fact tables.\n\nOriginal source: [Bee Informed](https://bip2.beeinformed.org/loss-map/)\n\nNotes:\n* Slight variations, resulting from additional analyses, may occur between reported losses in publications and those shown on this map.\n* Responses for beekeepers that manage colonies in more than one state are included in the loss calculation for each state they keep bees in.\n* Percent of beekeepers exclusive to the state indicates the percent of responding beekeepers who do NOT keep bees in other states in addition to the state indicated here.\n* \"Average loss\" represents the average level of loss experienced by a beekeeper in its operation in the selected state. \"Total loss\" is the estimate of the number of colonies lost by the whole beekeeping population in that state.\n* For the protection of privacy, losses are reported as N/A if 5 or fewer beekeepers responded in that state. These beekeepers losses are included in the national statistics.","homepage":"https://data.world/finley/bee-colony-statistical-data-from-1987-2017","resources":[{"name":"bee_colony_census_data_by_county","schema":{"fields":[{"name":"year","title":"Year","type":"gyear","rdfType":"http://www.w3.org/2001/XMLSchema#gYear","dwSourceId":"year"},{"name":"period","title":"Period","type":"string","rdfType":"http://www.w3.org/2001/XMLSchema#string","dwSourceId":"period"},{"name":"state","title":"State","type":"string","rdfType":"http://www.w3.org/2001/XMLSchema#string","dwSourceId":"state"},{"name":"state_ansi","title":"State ANSI","type":"integer","rdfType":"http://www.w3.org/2001/XMLSchema#integer","dwSourceId":"state_ansi"},{"name":"ag_district","title":"Ag District","type":"string","rdfType":"http://www.w3.org/2001/XMLSchema#string","dwSourceId":"ag_district"},{"name":"ag_district_code","title":"Ag District Code","type":"integer","rdfType":"http://www.w3.org/2001/XMLSchema#integer","dwSourceId":"ag_district_code"},{"name":"county","title":"County","type":"string","rdfType":"http://www.w3.org/2001/XMLSchema#string","dwSourceId":"county"},{"name":"county_ansi","title":"County ANSI","type":"integer","rdfType":"http://www.w3.org/2001/XMLSchema#integer","dwSourceId":"county_ansi"},{"name":"value","title":"Value","type":"string","rdfType":"http://www.w3.org/2001/XMLSchema#string","dwSourceId":"value"},{"name":"cv","title":"CV (%)","type":"string","rdfType":"http://www.w3.org/2001/XMLSchema#string","dwSourceId":"cv"}]},"path":"data/bee_colony_census_data_by_county.csv","format":"csv"},{"name":"bee_colony_loss","schema":{"fields":[{"name":"year","title":"Year","type":"string","rdfType":"http://www.w3.org/2001/XMLSchema#string","dwSourceId":"year"},{"name":"season","title":"Season","type":"string","rdfType":"http://www.w3.org/2001/XMLSchema#string","dwSourceId":"season"},{"name":"state","title":" State","type":"string","rdfType":"http://www.w3.org/2001/XMLSchema#string","dwSourceId":"state"},{"name":"percentage_total_annual_loss","title":" Total Annual Loss","description":"Percentage of hives lost in an annual period","type":"number","rdfType":"http://www.w3.org/2001/XMLSchema#decimal","dwSourceId":"total_annual_loss"},{"name":"beekeepers","title":" Beekeepers","type":"integer","rdfType":"http://www.w3.org/2001/XMLSchema#integer","dwSourceId":"beekeepers"},{"name":"beekeepers_exclusive_to_state","title":" Beekeepers Exclusive to State","type":"number","rdfType":"http://www.w3.org/2001/XMLSchema#decimal","dwSourceId":"beekeepers_exclusive_to_state"},{"name":"colonies","title":" Colonies","type":"integer","rdfType":"http://www.w3.org/2001/XMLSchema#integer","dwSourceId":"colonies"},{"name":"colonies_exclusive_to_state","title":" Colonies Exclusive to State","type":"number","rdfType":"http://www.w3.org/2001/XMLSchema#decimal","dwSourceId":"colonies_exclusive_to_state"}]},"path":"data/bee_colony_loss.csv","format":"csv"},{"name":"bee_colony_survey_data_by_state","schema":{"fields":[{"name":"year","title":"Year","type":"gyear","rdfType":"http://www.w3.org/2001/XMLSchema#gYear","dwSourceId":"year"},{"name":"period","title":"Period","type":"string","rdfType":"http://www.w3.org/2001/XMLSchema#string","dwSourceId":"period"},{"name":"week_ending","title":"Week Ending","type":"string","rdfType":"http://www.w3.org/2001/XMLSchema#string","dwSourceId":"week_ending"},{"name":"state","title":"State","type":"string","rdfType":"http://www.w3.org/2001/XMLSchema#string","dwSourceId":"state"},{"name":"state_ansi","title":"State ANSI","type":"integer","rdfType":"http://www.w3.org/2001/XMLSchema#integer","dwSourceId":"state_ansi"},{"name":"watershed","title":"Watershed","type":"string","rdfType":"http://www.w3.org/2001/XMLSchema#string","dwSourceId":"watershed"},{"name":"data_item","title":"Data Item","type":"string","rdfType":"http://www.w3.org/2001/XMLSchema#string","dwSourceId":"data_item"},{"name":"value","title":"Value","type":"integer","rdfType":"http://www.w3.org/2001/XMLSchema#integer","dwSourceId":"value"},{"name":"cv","title":"CV (%)","type":"string","rdfType":"http://www.w3.org/2001/XMLSchema#string","dwSourceId":"cv"}]},"path":"data/bee_colony_survey_data_by_state.csv","format":"csv"},{"name":"original/Bee Colony Census Data by County.csv","path":"original/Bee Colony Census Data by County.csv","format":"csv","mediatype":"text/csv","bytes":475359},{"name":"original/Bee Colony Loss.xlsx","path":"original/Bee Colony Loss.xlsx","format":"xlsx","mediatype":"application/vnd.openxmlformats-officedocument.spreadsheetml.sheet","bytes":29055},{"name":"original/Bee Colony Survey Data by State.csv","path":"original/Bee Colony Survey Data by State.csv","format":"csv","mediatype":"text/csv","bytes":191826},{"name":"original/Search criteria for bee colony census.png","path":"original/Search criteria for bee colony census.png","format":"png","mediatype":"image/png","bytes":399560},{"name":"original/Search criteria for bee colony survey.png","path":"original/Search criteria for bee colony survey.png","format":"png","mediatype":"image/png","bytes":440634},{"name":"original/glossary for bee stats.pdf","path":"original/glossary for bee stats.pdf","format":"pdf","mediatype":"application/pdf","bytes":138924}],"keywords":["bees","honeybees","colony collapse disorder","colony loss","bee colonies"]}